fold,task,representation,model,bestObservedEligible,context,gainOverNoIntervention,gainOverRandom,gainOverTrainingMean,randomExpectedUtility,regret,reliableWinner,selected,selectedObservedUtility,trainingBaseline,trainingMeanSelected,uncertainty
held-target-0,unseen-target-familiar-context,coarse,native,ELF1,GSE90063|K562-high-MOI,0.0,-0.004552881233394146,0.0,0.004552881233394146,0.009105762466788292,False,no-intervention,0.0,same target and modality where admitted; otherwise training modality mean,no-intervention,UNQUALIFIED: descriptive cohort result; no independent-unit interval
held-target-0,unseen-target-familiar-context,coarse,native,DDIT3,GSE90546|K562,0.0,0.02389857657253742,0.08834525942802429,-0.02389857657253742,0.020260032266378403,False,no-intervention,0.0,same target and modality where admitted; otherwise training modality mean,BHLHE40,UNQUALIFIED: descriptive cohort result; no independent-unit interval
held-target-0,unseen-target-familiar-context,coarse,native,ZAP70,GSE92872|stimulated,0.2978208661079407,0.3531575122227271,0.2978208661079407,-0.05533664611478647,0.0,False,ZAP70,0.2978208661079407,same target and modality where admitted; otherwise training modality mean,no-intervention,UNQUALIFIED: descriptive cohort result; no independent-unit interval
held-target-0,unseen-target-familiar-context,coarse,native,DHODH,GSE92872|unstimulated,0.0,0.0021080526833732924,0.0,-0.0021080526833732924,0.2677057385444641,False,no-intervention,0.0,same target and modality where admitted; otherwise training modality mean,no-intervention,UNQUALIFIED: descriptive cohort result; no independent-unit interval
held-target-0,unseen-target-familiar-context,coarse,ridge,ELF1,GSE90063|K562-high-MOI,0.0,-0.004552881233394146,0.0,0.004552881233394146,0.009105762466788292,False,no-intervention,0.0,same target and modality where admitted; otherwise training modality mean,no-intervention,UNQUALIFIED: descriptive cohort result; no independent-unit interval
held-target-0,unseen-target-familiar-context,coarse,ridge,DDIT3,GSE90546|K562,-0.009975889697670937,0.013922686874866485,0.07836936973035336,-0.02389857657253742,0.03023592196404934,False,SPI1,-0.009975889697670937,same target and modality where admitted; otherwise training modality mean,BHLHE40,UNQUALIFIED: descriptive cohort result; no independent-unit interval
held-target-0,unseen-target-familiar-context,coarse,ridge,ZAP70,GSE92872|stimulated,0.2978208661079407,0.3531575122227271,0.2978208661079407,-0.05533664611478647,0.0,False,ZAP70,0.2978208661079407,same target and modality where admitted; otherwise training modality mean,no-intervention,UNQUALIFIED: descriptive cohort result; no independent-unit interval
held-target-0,unseen-target-familiar-context,coarse,ridge,DHODH,GSE92872|unstimulated,0.0,0.0021080526833732924,0.0,-0.0021080526833732924,0.2677057385444641,False,no-intervention,0.0,same target and modality where admitted; otherwise training modality mean,no-intervention,UNQUALIFIED: descriptive cohort result; no independent-unit interval
held-target-0,unseen-target-familiar-context,ESM2,native,ELF1,GSE90063|K562-high-MOI,0.009105762466788292,0.004552881233394146,0.009105762466788292,0.004552881233394146,0.0,False,ELF1,0.009105762466788292,same target and modality where admitted; otherwise training modality mean,no-intervention,UNQUALIFIED: descriptive cohort result; no independent-unit interval
held-target-0,unseen-target-familiar-context,ESM2,native,DDIT3,GSE90546|K562,0.020260032266378403,0.04415860883891583,0.1086052916944027,-0.02389857657253742,0.0,False,DDIT3,0.020260032266378403,same target and modality where admitted; otherwise training modality mean,BHLHE40,UNQUALIFIED: descriptive cohort result; no independent-unit interval
held-target-0,unseen-target-familiar-context,ESM2,native,ZAP70,GSE92872|stimulated,-0.23959174752235413,-0.18425510140756765,-0.23959174752235413,-0.05533664611478647,0.5374126136302948,False,EGR3,-0.23959174752235413,same target and modality where admitted; otherwise training modality mean,no-intervention,UNQUALIFIED: descriptive cohort result; no independent-unit interval
held-target-0,unseen-target-familiar-context,ESM2,native,DHODH,GSE92872|unstimulated,0.06951107829809189,0.07161913098146518,0.06951107829809189,-0.0021080526833732924,0.19819466024637222,False,EGR2,0.06951107829809189,same target and modality where admitted; otherwise training modality mean,no-intervention,UNQUALIFIED: descriptive cohort result; no independent-unit interval
held-target-0,unseen-target-familiar-context,ESM2,ridge,ELF1,GSE90063|K562-high-MOI,0.0,-0.004552881233394146,0.0,0.004552881233394146,0.009105762466788292,False,no-intervention,0.0,same target and modality where admitted; otherwise training modality mean,no-intervention,UNQUALIFIED: descriptive cohort result; no independent-unit interval
held-target-0,unseen-target-familiar-context,ESM2,ridge,DDIT3,GSE90546|K562,-0.041431766003370285,-0.017533189430832864,0.04691349342465401,-0.02389857657253742,0.06169179826974869,False,ZNF326,-0.041431766003370285,same target and modality where admitted; otherwise training modality mean,BHLHE40,UNQUALIFIED: descriptive cohort result; no independent-unit interval
held-target-0,unseen-target-familiar-context,ESM2,ridge,ZAP70,GSE92872|stimulated,0.2978208661079407,0.3531575122227271,0.2978208661079407,-0.05533664611478647,0.0,False,ZAP70,0.2978208661079407,same target and modality where admitted; otherwise training modality mean,no-intervention,UNQUALIFIED: descriptive cohort result; no independent-unit interval
held-target-0,unseen-target-familiar-context,ESM2,ridge,DHODH,GSE92872|unstimulated,0.0,0.0021080526833732924,0.0,-0.0021080526833732924,0.2677057385444641,False,no-intervention,0.0,same target and modality where admitted; otherwise training modality mean,no-intervention,UNQUALIFIED: descriptive cohort result; no independent-unit interval
held-target-0,unseen-target-familiar-context,target-ID,native,ELF1,GSE90063|K562-high-MOI,0.0,-0.004552881233394146,0.0,0.004552881233394146,0.009105762466788292,False,no-intervention,0.0,same target and modality where admitted; otherwise training modality mean,no-intervention,UNQUALIFIED: descriptive cohort result; no independent-unit interval
held-target-0,unseen-target-familiar-context,target-ID,native,DDIT3,GSE90546|K562,0.0,0.02389857657253742,0.08834525942802429,-0.02389857657253742,0.020260032266378403,False,no-intervention,0.0,same target and modality where admitted; otherwise training modality mean,BHLHE40,UNQUALIFIED: descriptive cohort result; no independent-unit interval
held-target-0,unseen-target-familiar-context,target-ID,native,ZAP70,GSE92872|stimulated,-0.47609376907348633,-0.4207571229586999,-0.47609376907348633,-0.05533664611478647,0.773914635181427,False,DHODH,-0.47609376907348633,same target and modality where admitted; otherwise training modality mean,no-intervention,UNQUALIFIED: descriptive cohort result; no independent-unit interval
held-target-0,unseen-target-familiar-context,target-ID,native,DHODH,GSE92872|unstimulated,0.0,0.0021080526833732924,0.0,-0.0021080526833732924,0.2677057385444641,False,no-intervention,0.0,same target and modality where admitted; otherwise training modality mean,no-intervention,UNQUALIFIED: descriptive cohort result; no independent-unit interval
held-target-0,unseen-target-familiar-context,target-ID,ridge,ELF1,GSE90063|K562-high-MOI,0.0,-0.004552881233394146,0.0,0.004552881233394146,0.009105762466788292,False,no-intervention,0.0,same target and modality where admitted; otherwise training modality mean,no-intervention,UNQUALIFIED: descriptive cohort result; no independent-unit interval
held-target-0,unseen-target-familiar-context,target-ID,ridge,DDIT3,GSE90546|K562,-0.08834525942802429,-0.06444668285548687,0.0,-0.02389857657253742,0.1086052916944027,False,BHLHE40,-0.08834525942802429,same target and modality where admitted; otherwise training modality mean,BHLHE40,UNQUALIFIED: descriptive cohort result; no independent-unit interval
held-target-0,unseen-target-familiar-context,target-ID,ridge,ZAP70,GSE92872|stimulated,-0.47609376907348633,-0.4207571229586999,-0.47609376907348633,-0.05533664611478647,0.773914635181427,False,DHODH,-0.47609376907348633,same target and modality where admitted; otherwise training modality mean,no-intervention,UNQUALIFIED: descriptive cohort result; no independent-unit interval
held-target-0,unseen-target-familiar-context,target-ID,ridge,DHODH,GSE92872|unstimulated,0.0,0.0021080526833732924,0.0,-0.0021080526833732924,0.2677057385444641,False,no-intervention,0.0,same target and modality where admitted; otherwise training modality mean,no-intervention,UNQUALIFIED: descriptive cohort result; no independent-unit interval
held-target-1,unseen-target-familiar-context,coarse,native,ELK1,GSE90063|K562-high-MOI,0.02478373982012272,0.030936690668265026,0.02478373982012272,-0.006152950848142306,0.0001133400946855545,False,GABPA,0.02478373982012272,same target and modality where admitted; otherwise training modality mean,no-intervention,UNQUALIFIED: descriptive cohort result; no independent-unit interval
held-target-1,unseen-target-familiar-context,coarse,native,EP300,GSE90546|K562,0.07256077229976654,0.03628038614988327,0.07256077229976654,0.03628038614988327,0.0,False,EP300,0.07256077229976654,same target and modality where admitted; otherwise training modality mean,no-intervention,UNQUALIFIED: descriptive cohort result; no independent-unit interval
held-target-1,unseen-target-familiar-context,coarse,native,RELA,GSE92872|stimulated,-0.25339141488075256,-0.2288745841519399,-0.25339141488075256,-0.024516830728812652,0.4563836008310318,False,PTPN11,-0.25339141488075256,same target and modality where admitted; otherwise training modality mean,no-intervention,UNQUALIFIED: descriptive cohort result; no independent-unit interval
held-target-1,unseen-target-familiar-context,coarse,native,LAT,GSE92872|unstimulated,0.0,0.047612477601929146,0.0,-0.047612477601929146,0.07478316128253937,False,no-intervention,0.0,same target and modality where admitted; otherwise training modality mean,no-intervention,UNQUALIFIED: descriptive cohort result; no independent-unit interval
held-target-1,unseen-target-familiar-context,coarse,ridge,ELK1,GSE90063|K562-high-MOI,-0.03843853995203972,-0.032285589103897415,-0.03843853995203972,-0.006152950848142306,0.06333561986684799,False,EGR1,-0.03843853995203972,same target and modality where admitted; otherwise training modality mean,no-intervention,UNQUALIFIED: descriptive cohort result; no independent-unit interval
held-target-1,unseen-target-familiar-context,coarse,ridge,EP300,GSE90546|K562,0.07256077229976654,0.03628038614988327,0.07256077229976654,0.03628038614988327,0.0,False,EP300,0.07256077229976654,same target and modality where admitted; otherwise training modality mean,no-intervention,UNQUALIFIED: descriptive cohort result; no independent-unit interval
held-target-1,unseen-target-familiar-context,coarse,ridge,RELA,GSE92872|stimulated,-0.3853018283843994,-0.36078499765558675,-0.3853018283843994,-0.024516830728812652,0.5882940143346786,False,EGR1,-0.3853018283843994,same target and modality where admitted; otherwise training modality mean,no-intervention,UNQUALIFIED: descriptive cohort result; no independent-unit interval
held-target-1,unseen-target-familiar-context,coarse,ridge,LAT,GSE92872|unstimulated,-0.01991073042154312,0.027701747180386024,-0.01991073042154312,-0.047612477601929146,0.09469389170408249,False,EGR1,-0.01991073042154312,same target and modality where admitted; otherwise training modality mean,no-intervention,UNQUALIFIED: descriptive cohort result; no independent-unit interval
held-target-1,unseen-target-familiar-context,ESM2,native,ELK1,GSE90063|K562-high-MOI,0.02478373982012272,0.030936690668265026,0.02478373982012272,-0.006152950848142306,0.0001133400946855545,False,GABPA,0.02478373982012272,same target and modality where admitted; otherwise training modality mean,no-intervention,UNQUALIFIED: descriptive cohort result; no independent-unit interval
held-target-1,unseen-target-familiar-context,ESM2,native,EP300,GSE90546|K562,0.0,-0.03628038614988327,0.0,0.03628038614988327,0.07256077229976654,False,no-intervention,0.0,same target and modality where admitted; otherwise training modality mean,no-intervention,UNQUALIFIED: descriptive cohort result; no independent-unit interval
held-target-1,unseen-target-familiar-context,ESM2,native,RELA,GSE92872|stimulated,0.19083429872989655,0.2153511294587092,0.19083429872989655,-0.024516830728812652,0.01215788722038269,False,LCK,0.19083429872989655,same target and modality where admitted; otherwise training modality mean,no-intervention,UNQUALIFIED: descriptive cohort result; no independent-unit interval
held-target-1,unseen-target-familiar-context,ESM2,native,LAT,GSE92872|unstimulated,-0.08005480468273163,-0.03244232708080248,-0.08005480468273163,-0.047612477601929146,0.154837965965271,False,LCK,-0.08005480468273163,same target and modality where admitted; otherwise training modality mean,no-intervention,UNQUALIFIED: descriptive cohort result; no independent-unit interval
held-target-1,unseen-target-familiar-context,ESM2,ridge,ELK1,GSE90063|K562-high-MOI,0.02478373982012272,0.030936690668265026,0.02478373982012272,-0.006152950848142306,0.0001133400946855545,False,GABPA,0.02478373982012272,same target and modality where admitted; otherwise training modality mean,no-intervention,UNQUALIFIED: descriptive cohort result; no independent-unit interval
held-target-1,unseen-target-familiar-context,ESM2,ridge,EP300,GSE90546|K562,0.07256077229976654,0.03628038614988327,0.07256077229976654,0.03628038614988327,0.0,False,EP300,0.07256077229976654,same target and modality where admitted; otherwise training modality mean,no-intervention,UNQUALIFIED: descriptive cohort result; no independent-unit interval
held-target-1,unseen-target-familiar-context,ESM2,ridge,RELA,GSE92872|stimulated,0.19083429872989655,0.2153511294587092,0.19083429872989655,-0.024516830728812652,0.01215788722038269,False,LCK,0.19083429872989655,same target and modality where admitted; otherwise training modality mean,no-intervention,UNQUALIFIED: descriptive cohort result; no independent-unit interval
held-target-1,unseen-target-familiar-context,ESM2,ridge,LAT,GSE92872|unstimulated,-0.08005480468273163,-0.03244232708080248,-0.08005480468273163,-0.047612477601929146,0.154837965965271,False,LCK,-0.08005480468273163,same target and modality where admitted; otherwise training modality mean,no-intervention,UNQUALIFIED: descriptive cohort result; no independent-unit interval
held-target-1,unseen-target-familiar-context,target-ID,native,ELK1,GSE90063|K562-high-MOI,0.0,0.006152950848142306,0.0,-0.006152950848142306,0.024897079914808273,False,no-intervention,0.0,same target and modality where admitted; otherwise training modality mean,no-intervention,UNQUALIFIED: descriptive cohort result; no independent-unit interval
held-target-1,unseen-target-familiar-context,target-ID,native,EP300,GSE90546|K562,0.0,-0.03628038614988327,0.0,0.03628038614988327,0.07256077229976654,False,no-intervention,0.0,same target and modality where admitted; otherwise training modality mean,no-intervention,UNQUALIFIED: descriptive cohort result; no independent-unit interval
held-target-1,unseen-target-familiar-context,target-ID,native,RELA,GSE92872|stimulated,0.0,0.024516830728812652,0.0,-0.024516830728812652,0.20299218595027924,False,no-intervention,0.0,same target and modality where admitted; otherwise training modality mean,no-intervention,UNQUALIFIED: descriptive cohort result; no independent-unit interval
held-target-1,unseen-target-familiar-context,target-ID,native,LAT,GSE92872|unstimulated,0.0,0.047612477601929146,0.0,-0.047612477601929146,0.07478316128253937,False,no-intervention,0.0,same target and modality where admitted; otherwise training modality mean,no-intervention,UNQUALIFIED: descriptive cohort result; no independent-unit interval
held-target-1,unseen-target-familiar-context,target-ID,ridge,ELK1,GSE90063|K562-high-MOI,0.0,0.006152950848142306,0.0,-0.006152950848142306,0.024897079914808273,False,no-intervention,0.0,same target and modality where admitted; otherwise training modality mean,no-intervention,UNQUALIFIED: descriptive cohort result; no independent-unit interval
held-target-1,unseen-target-familiar-context,target-ID,ridge,EP300,GSE90546|K562,0.0,-0.03628038614988327,0.0,0.03628038614988327,0.07256077229976654,False,no-intervention,0.0,same target and modality where admitted; otherwise training modality mean,no-intervention,UNQUALIFIED: descriptive cohort result; no independent-unit interval
held-target-1,unseen-target-familiar-context,target-ID,ridge,RELA,GSE92872|stimulated,0.0,0.024516830728812652,0.0,-0.024516830728812652,0.20299218595027924,False,no-intervention,0.0,same target and modality where admitted; otherwise training modality mean,no-intervention,UNQUALIFIED: descriptive cohort result; no independent-unit interval
held-target-1,unseen-target-familiar-context,target-ID,ridge,LAT,GSE92872|unstimulated,0.0,0.047612477601929146,0.0,-0.047612477601929146,0.07478316128253937,False,no-intervention,0.0,same target and modality where admitted; otherwise training modality mean,no-intervention,UNQUALIFIED: descriptive cohort result; no independent-unit interval
held-target-2,unseen-target-familiar-context,coarse,native,IRF1,GSE90063|K562-high-MOI,0.0,0.0077449273318052295,0.0,-0.0077449273318052295,0.018474156036973,False,no-intervention,0.0,same target and modality where admitted; otherwise training modality mean,no-intervention,UNQUALIFIED: descriptive cohort result; no independent-unit interval
held-target-2,unseen-target-familiar-context,coarse,native,CREB1,GSE90546|K562,0.0,-0.019706347957253456,0.0,0.019706347957253456,0.03224185109138489,False,no-intervention,0.0,same target and modality where admitted; otherwise training modality mean,no-intervention,UNQUALIFIED: descriptive cohort result; no independent-unit interval
held-target-2,unseen-target-familiar-context,coarse,native,TUBB,GSE92872|stimulated,0.0,-0.0611012348284324,0.0,0.0611012348284324,0.37159186601638794,False,no-intervention,0.0,same target and modality where admitted; otherwise training modality mean,no-intervention,UNQUALIFIED: descriptive cohort result; no independent-unit interval
held-target-2,unseen-target-familiar-context,coarse,native,JUN,GSE92872|unstimulated,0.0,0.03810149555404981,0.0,-0.03810149555404981,0.0884925127029419,False,no-intervention,0.0,same target and modality where admitted; otherwise training modality mean,no-intervention,UNQUALIFIED: descriptive cohort result; no independent-unit interval
held-target-2,unseen-target-familiar-context,coarse,ridge,IRF1,GSE90063|K562-high-MOI,0.0,0.0077449273318052295,0.0,-0.0077449273318052295,0.018474156036973,False,no-intervention,0.0,same target and modality where admitted; otherwise training modality mean,no-intervention,UNQUALIFIED: descriptive cohort result; no independent-unit interval
held-target-2,unseen-target-familiar-context,coarse,ridge,CREB1,GSE90546|K562,0.0,-0.019706347957253456,0.0,0.019706347957253456,0.03224185109138489,False,no-intervention,0.0,same target and modality where admitted; otherwise training modality mean,no-intervention,UNQUALIFIED: descriptive cohort result; no independent-unit interval
held-target-2,unseen-target-familiar-context,coarse,ridge,TUBB,GSE92872|stimulated,0.0,-0.0611012348284324,0.0,0.0611012348284324,0.37159186601638794,False,no-intervention,0.0,same target and modality where admitted; otherwise training modality mean,no-intervention,UNQUALIFIED: descriptive cohort result; no independent-unit interval
held-target-2,unseen-target-familiar-context,coarse,ridge,JUN,GSE92872|unstimulated,0.0,0.03810149555404981,0.0,-0.03810149555404981,0.0884925127029419,False,no-intervention,0.0,same target and modality where admitted; otherwise training modality mean,no-intervention,UNQUALIFIED: descriptive cohort result; no independent-unit interval
held-target-2,unseen-target-familiar-context,ESM2,native,IRF1,GSE90063|K562-high-MOI,0.0,0.0077449273318052295,0.0,-0.0077449273318052295,0.018474156036973,False,no-intervention,0.0,same target and modality where admitted; otherwise training modality mean,no-intervention,UNQUALIFIED: descriptive cohort result; no independent-unit interval
held-target-2,unseen-target-familiar-context,ESM2,native,CREB1,GSE90546|K562,0.03224185109138489,0.012535503134131432,0.03224185109138489,0.019706347957253456,0.0,False,CREB1,0.03224185109138489,same target and modality where admitted; otherwise training modality mean,no-intervention,UNQUALIFIED: descriptive cohort result; no independent-unit interval
held-target-2,unseen-target-familiar-context,ESM2,native,TUBB,GSE92872|stimulated,0.20391413569450378,0.14281290086607137,0.20391413569450378,0.0611012348284324,0.16767773032188416,False,REL,0.20391413569450378,same target and modality where admitted; otherwise training modality mean,no-intervention,UNQUALIFIED: descriptive cohort result; no independent-unit interval
held-target-2,unseen-target-familiar-context,ESM2,native,JUN,GSE92872|unstimulated,0.06345533579587936,0.10155683134992918,0.06345533579587936,-0.03810149555404981,0.02503717690706253,False,RUNX1,0.06345533579587936,same target and modality where admitted; otherwise training modality mean,no-intervention,UNQUALIFIED: descriptive cohort result; no independent-unit interval
held-target-2,unseen-target-familiar-context,ESM2,ridge,IRF1,GSE90063|K562-high-MOI,0.0,0.0077449273318052295,0.0,-0.0077449273318052295,0.018474156036973,False,no-intervention,0.0,same target and modality where admitted; otherwise training modality mean,no-intervention,UNQUALIFIED: descriptive cohort result; no independent-unit interval
held-target-2,unseen-target-familiar-context,ESM2,ridge,CREB1,GSE90546|K562,0.02687719278037548,0.0071708448231220245,0.02687719278037548,0.019706347957253456,0.005364658311009407,False,SNAI1,0.02687719278037548,same target and modality where admitted; otherwise training modality mean,no-intervention,UNQUALIFIED: descriptive cohort result; no independent-unit interval
held-target-2,unseen-target-familiar-context,ESM2,ridge,TUBB,GSE92872|stimulated,-0.09492235630750656,-0.15602359113593897,-0.09492235630750656,0.0611012348284324,0.4665142223238945,False,RELB,-0.09492235630750656,same target and modality where admitted; otherwise training modality mean,no-intervention,UNQUALIFIED: descriptive cohort result; no independent-unit interval
held-target-2,unseen-target-familiar-context,ESM2,ridge,JUN,GSE92872|unstimulated,-0.11011330783367157,-0.07201181227962175,-0.11011330783367157,-0.03810149555404981,0.19860582053661346,False,RELB,-0.11011330783367157,same target and modality where admitted; otherwise training modality mean,no-intervention,UNQUALIFIED: descriptive cohort result; no independent-unit interval
held-target-2,unseen-target-familiar-context,target-ID,native,IRF1,GSE90063|K562-high-MOI,0.0,0.0077449273318052295,0.0,-0.0077449273318052295,0.018474156036973,False,no-intervention,0.0,same target and modality where admitted; otherwise training modality mean,no-intervention,UNQUALIFIED: descriptive cohort result; no independent-unit interval
held-target-2,unseen-target-familiar-context,target-ID,native,CREB1,GSE90546|K562,0.03224185109138489,0.012535503134131432,0.03224185109138489,0.019706347957253456,0.0,False,CREB1,0.03224185109138489,same target and modality where admitted; otherwise training modality mean,no-intervention,UNQUALIFIED: descriptive cohort result; no independent-unit interval
held-target-2,unseen-target-familiar-context,target-ID,native,TUBB,GSE92872|stimulated,0.0,-0.0611012348284324,0.0,0.0611012348284324,0.37159186601638794,False,no-intervention,0.0,same target and modality where admitted; otherwise training modality mean,no-intervention,UNQUALIFIED: descriptive cohort result; no independent-unit interval
held-target-2,unseen-target-familiar-context,target-ID,native,JUN,GSE92872|unstimulated,0.0,0.03810149555404981,0.0,-0.03810149555404981,0.0884925127029419,False,no-intervention,0.0,same target and modality where admitted; otherwise training modality mean,no-intervention,UNQUALIFIED: descriptive cohort result; no independent-unit interval
held-target-2,unseen-target-familiar-context,target-ID,ridge,IRF1,GSE90063|K562-high-MOI,0.0,0.0077449273318052295,0.0,-0.0077449273318052295,0.018474156036973,False,no-intervention,0.0,same target and modality where admitted; otherwise training modality mean,no-intervention,UNQUALIFIED: descriptive cohort result; no independent-unit interval
held-target-2,unseen-target-familiar-context,target-ID,ridge,CREB1,GSE90546|K562,0.0,-0.019706347957253456,0.0,0.019706347957253456,0.03224185109138489,False,no-intervention,0.0,same target and modality where admitted; otherwise training modality mean,no-intervention,UNQUALIFIED: descriptive cohort result; no independent-unit interval
held-target-2,unseen-target-familiar-context,target-ID,ridge,TUBB,GSE92872|stimulated,0.0,-0.0611012348284324,0.0,0.0611012348284324,0.37159186601638794,False,no-intervention,0.0,same target and modality where admitted; otherwise training modality mean,no-intervention,UNQUALIFIED: descriptive cohort result; no independent-unit interval
held-target-2,unseen-target-familiar-context,target-ID,ridge,JUN,GSE92872|unstimulated,0.0,0.03810149555404981,0.0,-0.03810149555404981,0.0884925127029419,False,no-intervention,0.0,same target and modality where admitted; otherwise training modality mean,no-intervention,UNQUALIFIED: descriptive cohort result; no independent-unit interval
held-context-stimulated,known-target-unseen-context,coarse,native,TUBB,GSE92872|stimulated,0.19083429872989655,0.19691036156181133,0.6669280678033829,-0.006076062831914786,0.1807575672864914,False,LCK,0.19083429872989655,same target and modality where admitted; otherwise training modality mean,DHODH,UNQUALIFIED: descriptive cohort result; no independent-unit interval
held-context-stimulated,known-target-unseen-context,coarse,ridge,TUBB,GSE92872|stimulated,-0.47609376907348633,-0.4700177062415715,0.0,-0.006076062831914786,0.8476856350898743,False,DHODH,-0.47609376907348633,same target and modality where admitted; otherwise training modality mean,DHODH,UNQUALIFIED: descriptive cohort result; no independent-unit interval
held-context-stimulated,known-target-unseen-context,ESM2,native,TUBB,GSE92872|stimulated,-0.47609376907348633,-0.4700177062415715,0.0,-0.006076062831914786,0.8476856350898743,False,DHODH,-0.47609376907348633,same target and modality where admitted; otherwise training modality mean,DHODH,UNQUALIFIED: descriptive cohort result; no independent-unit interval
held-context-stimulated,known-target-unseen-context,ESM2,ridge,TUBB,GSE92872|stimulated,0.05931535363197327,0.06539141646388805,0.5354091227054596,-0.006076062831914786,0.3122765123844147,False,RUNX1,0.05931535363197327,same target and modality where admitted; otherwise training modality mean,DHODH,UNQUALIFIED: descriptive cohort result; no independent-unit interval
held-context-stimulated,known-target-unseen-context,target-ID,native,TUBB,GSE92872|stimulated,-0.47609376907348633,-0.4700177062415715,0.0,-0.006076062831914786,0.8476856350898743,False,DHODH,-0.47609376907348633,same target and modality where admitted; otherwise training modality mean,DHODH,UNQUALIFIED: descriptive cohort result; no independent-unit interval
held-context-stimulated,known-target-unseen-context,target-ID,ridge,TUBB,GSE92872|stimulated,-0.47609376907348633,-0.4700177062415715,0.0,-0.006076062831914786,0.8476856350898743,False,DHODH,-0.47609376907348633,same target and modality where admitted; otherwise training modality mean,DHODH,UNQUALIFIED: descriptive cohort result; no independent-unit interval
held-context-unstimulated,known-target-unseen-context,coarse,native,DHODH,GSE92872|unstimulated,-0.5157712697982788,-0.4852787900264516,0.0,-0.030492479771827206,0.7834770083427429,False,TUBB,-0.5157712697982788,same target and modality where admitted; otherwise training modality mean,TUBB,UNQUALIFIED: descriptive cohort result; no independent-unit interval
held-context-unstimulated,known-target-unseen-context,coarse,ridge,DHODH,GSE92872|unstimulated,0.09043344855308533,0.12092592832491253,0.6062047183513641,-0.030492479771827206,0.17727228999137878,False,ZAP70,0.09043344855308533,same target and modality where admitted; otherwise training modality mean,TUBB,UNQUALIFIED: descriptive cohort result; no independent-unit interval
held-context-unstimulated,known-target-unseen-context,ESM2,native,DHODH,GSE92872|unstimulated,-0.5157712697982788,-0.4852787900264516,0.0,-0.030492479771827206,0.7834770083427429,False,TUBB,-0.5157712697982788,same target and modality where admitted; otherwise training modality mean,TUBB,UNQUALIFIED: descriptive cohort result; no independent-unit interval
held-context-unstimulated,known-target-unseen-context,ESM2,ridge,DHODH,GSE92872|unstimulated,0.09043344855308533,0.12092592832491253,0.6062047183513641,-0.030492479771827206,0.17727228999137878,False,ZAP70,0.09043344855308533,same target and modality where admitted; otherwise training modality mean,TUBB,UNQUALIFIED: descriptive cohort result; no independent-unit interval
held-context-unstimulated,known-target-unseen-context,target-ID,native,DHODH,GSE92872|unstimulated,-0.5157712697982788,-0.4852787900264516,0.0,-0.030492479771827206,0.7834770083427429,False,TUBB,-0.5157712697982788,same target and modality where admitted; otherwise training modality mean,TUBB,UNQUALIFIED: descriptive cohort result; no independent-unit interval
held-context-unstimulated,known-target-unseen-context,target-ID,ridge,DHODH,GSE92872|unstimulated,-0.5157712697982788,-0.4852787900264516,0.0,-0.030492479771827206,0.7834770083427429,False,TUBB,-0.5157712697982788,same target and modality where admitted; otherwise training modality mean,TUBB,UNQUALIFIED: descriptive cohort result; no independent-unit interval
