perturbation,metric,value
CARS,de_wilcoxon_lfc_nmae,0.99779356436397
EIF2B3,de_wilcoxon_lfc_nmae,1.0057961203331727
ATP5B,de_wilcoxon_lfc_nmae,1.0222515838507251
DDOST,de_wilcoxon_lfc_nmae,1.0314541520581875
EIF2B4,de_wilcoxon_lfc_nmae,1.0246807975313499
EIF2B2,de_wilcoxon_lfc_nmae,0.9924964969468515
ATP5B,de_wilcoxon_direction_fidelity_yield_raw,0.0
CARS,de_wilcoxon_direction_fidelity_yield_raw,0.0
DAD1,de_wilcoxon_direction_fidelity_yield_raw,0.0
DDOST,de_wilcoxon_direction_fidelity_yield_raw,0.0
DDRGK1,de_wilcoxon_direction_fidelity_yield_raw,NaN
EIF2B2,de_wilcoxon_direction_fidelity_yield_raw,0.0
EIF2B3,de_wilcoxon_direction_fidelity_yield_raw,0.0
EIF2B4,de_wilcoxon_direction_fidelity_yield_raw,0.0
ATP5B,de_wilcoxon_direction_reach_raw,0.0076045627376425855
CARS,de_wilcoxon_direction_reach_raw,0.0
DAD1,de_wilcoxon_direction_reach_raw,0.0
DDOST,de_wilcoxon_direction_reach_raw,0.0
DDRGK1,de_wilcoxon_direction_reach_raw,NaN
EIF2B2,de_wilcoxon_direction_reach_raw,0.0020242914979757085
EIF2B3,de_wilcoxon_direction_reach_raw,0.0035211267605633804
EIF2B4,de_wilcoxon_direction_reach_raw,0.0
ATP5B,de_wilcoxon_sig_jaccard,0.0
CARS,de_wilcoxon_sig_jaccard,0.0
DAD1,de_wilcoxon_sig_jaccard,0.0
DDOST,de_wilcoxon_sig_jaccard,0.0
DDRGK1,de_wilcoxon_sig_jaccard,1.0
EIF2B2,de_wilcoxon_sig_jaccard,0.0
EIF2B3,de_wilcoxon_sig_jaccard,0.0
EIF2B4,de_wilcoxon_sig_jaccard,0.0
ATP5B,pds_cosine,0.5714285714285714
CARS,pds_cosine,0.4285714285714286
DAD1,pds_cosine,0.4285714285714286
DDOST,pds_cosine,0.8571428571428572
DDRGK1,pds_cosine,0.5714285714285714
EIF2B2,pds_cosine,0.7142857142857143
EIF2B3,pds_cosine,0.1428571428571429
EIF2B4,pds_cosine,0.1428571428571429
ATP5B,expr_mse_unbiased,0.005085927101583249
CARS,expr_mse_unbiased,0.011879830502556355
DAD1,expr_mse_unbiased,0.00151368424578858
DDOST,expr_mse_unbiased,0.0020942137498020366
DDRGK1,expr_mse_unbiased,0.001483018218647383
EIF2B2,expr_mse_unbiased,0.007198641501083032
EIF2B3,expr_mse_unbiased,0.008320892495689692
EIF2B4,expr_mse_unbiased,0.00497175291207657
ATP5B,expr_mse_unbiased_capped,0.005145916791219986
CARS,expr_mse_unbiased_capped,0.01193915143901493
DAD1,expr_mse_unbiased_capped,0.0015737047822390686
DDOST,expr_mse_unbiased_capped,0.002153985199251829
DDRGK1,expr_mse_unbiased_capped,0.0015423148900757019
EIF2B2,expr_mse_unbiased_capped,0.007259132926641646
EIF2B3,expr_mse_unbiased_capped,0.008381377531382876
EIF2B4,expr_mse_unbiased_capped,0.005031690635570269
ATP5B,expr_distance_unbiased,0.0037842984923015734
CARS,expr_distance_unbiased,0.010664466754187186
DAD1,expr_distance_unbiased,0.00008373654649833552
DDOST,expr_distance_unbiased,0.0008804729818571596
DDRGK1,expr_distance_unbiased,0.0002596931402314976
EIF2B2,expr_distance_unbiased,0.006108325436534595
EIF2B3,expr_distance_unbiased,0.007093588726108511
EIF2B4,expr_distance_unbiased,0.003612306915514774
ATP5B,expr_real_mass_ratio,1.0
CARS,expr_real_mass_ratio,1.0
DAD1,expr_real_mass_ratio,1.0
DDOST,expr_real_mass_ratio,1.0
DDRGK1,expr_real_mass_ratio,1.0
EIF2B2,expr_real_mass_ratio,1.0
EIF2B3,expr_real_mass_ratio,1.0
EIF2B4,expr_real_mass_ratio,1.0
